booking_id,user_id,cab_id,pickup_location,destination,booking_time
5557,43,50,802 Timothy Land,064 Brian Place,2023-05-04 09:26:53
1915,44,20,46404 Tiffany Trafficway Apt. 298,3185 Hayes Ways,2024-01-02 12:33:18
3900,30,50,09686 Olivia Glen,9539 Lopez Rest,2023-09-25 12:52:24
4991,53,30,123 Solomon Wells,633 Phillips Groves,2023-04-24 10:17:55
2407,97,27,8801 Fernandez Village Suite 407,42845 Glenda Wells,2023-12-16 23:47:53
9481,76,35,4300 Franklin Village Apt. 095,80627 White Port Suite 137,2023-12-30 16:31:30
5231,28,48,29322 Olson Mill,02910 Clark Mountains,2023-05-21 07:33:34
2255,70,41,7903 Kristine Mews,6580 Thomas Forges Suite 740,2023-10-24 01:51:25
1419,72,47,9104 Mariah Rest Apt. 523,9246 Anthony Ferry Apt. 059,2023-11-05 05:19:22
6512,25,30,633 Christopher Shoals Suite 953,74196 Tiffany Mission,2023-05-25 04:51:36
4496,28,40,6840 Fields Heights Apt. 080,581 Kimberly Field,2024-02-05 00:46:32
2794,47,2,0484 Shane Shoals Apt. 640,793 Rice Hollow,2023-06-01 02:57:49
4839,28,33,284 Santos Road,85970 Garcia Key Apt. 663,2023-06-17 05:53:14
2118,28,37,420 Thompson Isle,80638 Erin Grove Apt. 055,2023-09-22 23:12:57
1229,6,30,11538 Stone Valley,0848 Pena Canyon Apt. 146,2023-07-16 09:39:50
5746,35,16,5655 Jennifer Plaza Suite 682,89689 Thomas Gateway,2023-12-09 08:28:43
6277,96,49,8061 Gonzales Locks Apt. 867,635 Theodore Key Suite 239,2023-09-03 23:57:31
3912,24,9,92779 Smith Field,721 Jeffrey Glens Suite 690,2023-09-23 11:16:23
3509,10,45,962 Wilkerson Views Suite 832,99342 Karen Vista,2023-12-24 17:19:30
7286,31,30,05691 Lance Oval Suite 613,8121 Stout Square,2024-01-17 21:41:19
6085,79,40,855 Holmes Park Apt. 254,7682 Lambert Stream Suite 014,2023-12-29 06:04:11
6949,93,15,874 Anthony Glen Suite 115,35388 Ashley Forks,2023-04-06 12:16:32
8984,98,34,97365 White Squares Suite 801,6735 Lori Path Apt. 033,2023-12-20 10:05:26
7447,14,7,02297 Vega Way Suite 489,7959 Jones Track,2023-08-20 19:53:32
1233,82,21,9988 Gillespie Canyon,652 Wilson Shoal,2024-02-12 13:48:55
2282,82,4,5010 Wu Radial Suite 443,5080 Nguyen Curve,2024-01-25 10:30:55
8734,98,45,388 Fisher Plaza Apt. 405,94685 Sims Glen Suite 581,2023-07-30 01:21:17
4081,58,41,00169 Harris Mill,29688 Lewis Mews,2023-12-24 12:25:32
3649,50,5,0889 Morris Pine Apt. 025,7905 Fox Glen Suite 942,2023-07-03 14:02:58
8889,28,31,858 Ryan Plaza,445 Johnson Roads,2023-05-14 18:45:12
7929,58,29,62972 Morgan Gardens,34013 Shelton Loop,2023-09-13 08:57:28
5234,98,38,9654 Richard Mountain Apt. 251,48166 Powell Haven,2023-07-21 21:51:39
2026,16,21,3167 Nelson Points Suite 170,50682 Emily Freeway Suite 637,2024-02-15 18:48:13
1736,89,19,58658 Burns Trail Suite 928,437 Christina Expressway Apt. 364,2023-11-04 06:30:57
5973,45,36,3977 Mccormick Lodge Suite 506,2397 Weber Parkway,2023-05-07 14:16:49
3821,69,44,70844 Geoffrey Parks,327 Barr Turnpike,2023-07-06 08:28:44
3732,26,42,1929 Adam River Apt. 434,531 Hogan Ports Suite 535,2023-06-07 05:57:01
3538,25,34,4038 April Trace Suite 101,46473 Jacob Lake,2023-05-16 18:25:36
8757,72,7,3223 Jenna Ports,563 Brian Spur Suite 226,2023-11-18 13:11:48
7883,48,47,6054 Hawkins Estate Suite 914,4822 Miller Station Apt. 804,2023-12-02 01:46:16
2031,90,43,427 Ashley Prairie,09083 Joshua Glen,2024-04-03 04:31:14
2278,12,7,449 Hill Junction,3315 Scott Meadow,2024-01-25 03:47:34
8106,79,7,01122 Santos Streets,66506 Gilbert Locks,2024-02-27 11:56:21
5589,42,15,78782 Wilson Cove Apt. 418,9579 Wong Centers Suite 979,2023-10-08 08:05:00
5842,86,12,07130 Burnett Path,99346 Dylan Ville Apt. 985,2023-04-08 14:57:39
8286,42,50,762 King Cape,21751 Burton Burg Suite 451,2024-02-07 22:25:05
5655,41,8,523 Cisneros Forge Apt. 799,93975 Amy Center,2023-09-05 05:42:50
1697,53,34,572 Cain Ranch Apt. 091,017 Gregory Fords,2023-06-11 12:20:17
1488,98,16,4107 Brian Stream,20058 Martin Springs Apt. 265,2023-09-01 08:34:12
9727,83,40,4648 Andrade Passage,7033 Cooper Rapid Suite 937,2023-10-11 23:24:36
7768,80,36,831 Hernandez Grove Suite 796,11252 Shannon Street,2023-12-12 13:47:25
7304,85,40,179 Clark Forges,3077 Victoria Valleys,2023-04-10 21:31:39
7311,76,12,8415 Kaitlin Greens Suite 693,60452 Leonard Glen Apt. 624,2023-05-08 15:00:47
5180,99,2,262 Anthony Track Suite 661,884 Williams Forges,2024-01-01 12:58:32
6807,50,5,520 Page Mountains,99182 Sellers Parks Suite 526,2023-09-19 03:01:16
4021,40,32,136 Meadows Spurs,442 Hopkins Forks Suite 643,2023-09-20 10:09:32
7784,8,43,77594 Christopher Parks,259 Melissa Road,2023-05-16 23:09:11
1075,85,2,1608 Jeffrey Wells Suite 559,35570 Price Radial Apt. 287,2023-09-24 06:46:41
2890,88,23,622 Heather Viaduct Suite 158,4772 Mark Fort Apt. 263,2023-08-28 11:41:56
7441,25,1,309 Lee Square,625 Don Fords Apt. 345,2023-08-12 15:04:17
8993,88,36,462 John Mount,6036 Clayton Haven,2023-04-16 14:02:16
2093,41,30,35309 Black Flat,8776 Kim Brook,2023-06-14 02:34:03
7983,35,26,071 Wright Lodge Apt. 133,2852 Edward Road Apt. 606,2023-07-04 00:39:06
8552,86,31,92796 Hansen Summit,2818 Erica Course Apt. 096,2023-07-21 08:38:04
6010,55,36,571 Kyle Islands Apt. 558,6732 David Keys,2024-01-01 23:41:56
8760,40,42,0607 Harris Station Apt. 074,4936 Lyons Centers Suite 175,2023-09-07 06:47:10
1595,61,42,185 Melissa Wells,1983 Nelson Valleys Apt. 201,2024-01-22 01:17:14
1455,29,42,984 Smith Walk,712 Schmidt Fork Suite 210,2023-11-30 05:59:40
5898,23,43,01587 Anderson View,392 Gabriel Tunnel Apt. 371,2023-07-28 11:43:40
4651,70,5,50504 Joel Pine,06362 Lopez Common,2023-05-29 12:27:29
7953,34,43,7270 Jason Manor Suite 626,67470 Townsend Walks,2024-01-02 14:37:52
6470,76,16,912 Freeman Ramp,46583 Lindsey Oval,2023-10-17 20:42:55
6040,54,15,3341 Lauren Forges,210 Laura Rapid,2024-02-04 12:37:26
6447,76,36,35686 Crystal Cape Apt. 702,23483 Green Mill,2023-09-20 06:35:45
2110,91,17,862 Cathy Cliff Suite 223,24316 Joseph Place,2023-06-18 04:14:05
2973,32,27,9923 Melinda Harbors Apt. 944,2799 Kathy Mall Suite 798,2023-05-05 05:03:27
8901,83,12,797 Green Curve Apt. 980,516 Stephen Station,2023-08-05 20:46:48
2457,90,6,218 Frank Manors,4647 Clark Drive Apt. 234,2024-02-15 10:00:13
6133,75,42,15709 Collier Junctions,92489 Tracy Light Suite 842,2023-05-06 23:33:03
1965,78,49,3557 Patty Street Apt. 226,35540 Clifford Coves,2024-01-04 16:45:03
1675,93,31,519 Juarez Point,8488 Scott Crossing,2023-06-04 13:04:05
2706,85,42,85773 Jose Burgs,9472 Robbins Key Suite 103,2023-04-15 04:04:13
3819,13,34,1006 Luis Fords Suite 390,6707 Amy Brook Apt. 850,2023-05-11 10:29:31
2826,9,22,9132 David Overpass,26327 Gould Route Apt. 009,2023-11-27 01:45:41
5728,78,9,4955 Jensen Ville Apt. 023,18538 Logan Dale,2024-03-16 03:32:32
4909,95,29,39023 Clarence Coves,07027 Silva Cove Apt. 260,2024-02-24 06:22:58
1876,16,3,4985 Tiffany Ferry,3329 Teresa Harbors,2023-05-18 19:15:11
6895,20,43,3267 Parker Squares,5305 Herman Motorway Suite 387,2023-07-19 17:41:52
4087,69,50,290 Smith Fields Apt. 446,6519 Mcguire Vista,2023-11-11 08:31:21
2051,68,15,2523 Hansen Causeway,5165 Bryan Meadow,2023-05-31 23:53:06
8288,57,38,6063 Nichole Squares Apt. 092,8075 Edwards Mills,2023-10-15 17:34:13
5392,56,32,1260 Hudson Drive,15472 Michael Harbors,2023-08-04 00:27:49
1337,14,19,223 Nicholas Manor Apt. 243,606 Hall Plains Suite 450,2023-05-01 11:44:16
2821,91,37,4474 Justin Mall,799 Mcpherson Unions,2023-08-09 12:53:19
8290,42,11,28563 Ortiz Light,70002 Jennifer Island,2023-09-12 02:03:08
7664,36,20,61767 Whitney Radial Suite 399,0850 Smith Skyway Apt. 780,2023-09-22 09:05:15
6797,68,1,850 Simmons Estates Suite 654,1752 Adams Trail,2023-08-07 23:54:52
6248,71,3,3001 Hill Coves Apt. 071,8298 Ashley Ports,2024-03-02 16:39:54
2490,30,30,4121 Spencer Terrace Suite 128,577 Edward Center Suite 288,2023-12-23 07:29:27
5437,40,13,333 Douglas Freeway Apt. 805,5753 Jacob Meadow Apt. 026,2023-09-06 20:16:14
