cab_id,driver_name,current_location
1,Troy Klein,3595 Katherine Shore Apt. 912
2,Eric Sanders,113 Elizabeth Walks
3,Mary Walsh,191 Kristina Expressway Suite 594
4,Tommy Vaughn,015 Sarah Mount
5,Carol Smith,24788 Stewart Ports Suite 106
6,Connie Velez,68034 Leslie Estates Suite 995
7,Kelly Hanson,09388 Dakota Field
8,Tiffany Garrison,542 William Trail Apt. 000
9,Andrea Ortiz,473 Glass Spurs
10,Jack Mullins,38122 Little Glens Suite 667
11,Thomas Evans,221 Kelly Harbors
12,Crystal Ramirez,962 Andrew Lock
13,Gary Chavez,200 Jaime Roads Suite 272
14,Denise Orr,7763 Diana Trail Apt. 327
15,Stephanie Jones,888 Bryce Spur
16,Sarah Davis,5288 Shannon Crossing Suite 728
17,William Larson,570 Richardson Vista
18,Donald Martin,884 Angela Shore Suite 133
19,Angela Winters,54357 John Walks Apt. 206
20,Max Miller,7756 Kayla Mountain Apt. 951
21,Laurie Clark,88919 Brown Junction
22,Alexis Miller,6892 Eaton Brooks Apt. 412
23,Andre Powell,72927 Osborn Mountain
24,Erica Wood,0283 Drake Square
25,Dr. Jessica Sanders,22756 Jones Wells
26,Catherine Hunter,64379 Michael Mall
27,Karen Rivas,5572 Castillo Fords Apt. 422
28,Kimberly Juarez,95183 Simon Ranch
29,Leslie Hammond,661 Betty Knoll Suite 027
30,Destiny Townsend,001 Jenkins Lodge Suite 376
31,Justin Farmer MD,80948 Leslie Highway Apt. 236
32,Ashley Davis,6749 Dominguez Union
33,Terry Hodges,077 Scott Valleys Suite 242
34,James Williams,970 Laura Vista
35,Crystal Moore,58035 Paul Spurs
36,Elizabeth Byrd,3969 Thomas Creek
37,Debra Johnson,60552 Gabrielle Keys Suite 774
38,Linda Johnson,2974 Hernandez Point Suite 001
39,Joshua Holmes,99179 Henry Lock
40,Nicholas Johnston,860 Green Hills
41,Susan Montes,112 April Shoal
42,Andrea Goodman,41716 Perez Street Suite 438
43,Nicholas Lozano,1021 Kimberly Forge Suite 892
44,Marc Welch,063 William Island Suite 129
45,Ruben Edwards,88596 Moss Forges Suite 442
46,Keith Baker,667 Amy Square
47,Jennifer Torres,825 Long Overpass
48,Christy Davis,8067 Shannon Underpass Apt. 061
49,Christopher Evans,528 Roth Summit Suite 064
50,Tyrone Thomas,14833 Lara Square
